index,gains
0,-0.5107937309741625-0.4095013625435908i
1,-0.1463425442489179-0.7289306667540927i
2,-1.046302860366296+0.8315395425506324i
3,-0.6714278657691469+0.33021654409646617i
4,0.7461921120543923+0.08186092786908167i
5,0.4396832843101434+0.4108714114333908i
6,-0.05609882433496105+0.6767192055987562i
7,-0.5775207472318585-0.2026109116117858i
8,0.041906801679527254-0.602544872200522i
9,-1.3667596283789283+0.4353459546667394i
